time,seconds_elapsed,z,y,x
1711795430096974300,0.160974365234375,-55.312503814697266,6.412500381469727,-16.61250114440918
1711795430117110300,0.1811103515625,-55.087501525878906,6.900000095367432,-16.443750381469727
1711795430137496800,0.201496826171875,-55.01250076293945,7.256250381469727,-16.200000762939453
1711795430157731600,0.221731689453125,-54.95625305175781,7.687500476837158,-15.956250190734863
1711795430177815600,0.241815673828125,-55.20000076293945,7.687500476837158,-15.956250190734863
1711795430197774600,0.261774658203125,-54.95625305175781,7.743750095367432,-15.956250190734863
1711795430217447200,0.281447265625,-54.78750228881836,7.856250286102295,-16.14375114440918
1711795430237162000,0.301161865234375,-54.843753814697266,7.912500381469727,-16.14375114440918
1711795430257480400,0.32148046875,-54.60000228881836,8.043750762939453,-16.256250381469727
1711795430277619000,0.341618896484375,-54.656253814697266,8.456250190734863,-16.14375114440918
1711795430297689900,0.36168994140625,-54.900001525878906,8.887500762939453,-15.71250057220459
1711795430317718500,0.381718505859375,-54.900001525878906,8.943750381469727,-15.90000057220459
1711795430337646300,0.401646240234375,-54.656253814697266,8.887500762939453,-16.012500762939453
1711795430357297400,0.42129736328125,-54.60000228881836,8.456250190734863,-16.14375114440918
1711795430377087200,0.441087158203125,-54.843753814697266,8.100000381469727,-16.80000114440918
1711795430397422600,0.461422607421875,-54.843753814697266,7.856250286102295,-16.912500381469727
1711795430417609200,0.481609130859375,-55.087501525878906,7.612500190734863,-17.15625
1711795430437696500,0.501696533203125,-55.500003814697266,7.612500190734863,-17.15625
1711795430457728300,0.521728271484375,-55.20000076293945,7.500000476837158,-16.98750114440918
1711795430477631200,0.54163134765625,-55.312503814697266,7.800000190734863,-16.743751525878906
1711795430497265700,0.561265625,-55.687503814697266,8.100000381469727,-16.6875
1711795430517062700,0.581062744140625,-55.687503814697266,8.40000057220459,-16.556251525878906
1711795430537388000,0.601387939453125,-55.91250228881836,8.58750057220459,-16.556251525878906
1711795430557585400,0.62158544921875,-55.98750305175781,8.287500381469727,-16.856250762939453
1711795430577687300,0.641687255859375,-55.85625076293945,7.987500190734863,-16.556251525878906
1711795430597729000,0.66172900390625,-55.91250228881836,7.987500190734863,-16.6875
1711795430617591600,0.681591552734375,-55.91250228881836,7.856250286102295,-16.556251525878906
1711795430637242600,0.70124267578125,-55.80000305175781,8.15625,-16.387500762939453
1711795430657352000,0.72135205078125,-55.687503814697266,8.287500381469727,-16.3125
1711795430677553400,0.741553466796875,-55.61250305175781,8.100000381469727,-16.5
1711795430697670000,0.761669921875,-55.44375228881836,8.34375,-16.387500762939453
1711795430717544000,0.7815439453125,-55.500003814697266,8.287500381469727,-16.5
1711795430737638400,0.801638427734375,-55.80000305175781,8.58750057220459,-16.80000114440918
1711795430757494800,0.821494873046875,-55.98750305175781,8.887500762939453,-16.5
1711795430777226500,0.8412265625,-55.91250228881836,8.700000762939453,-16.387500762939453
1711795430797365800,0.86136572265625,-55.98750305175781,8.887500762939453,-16.14375114440918
1711795430817568300,0.881568359375,-56.04375076293945,9.05625057220459,-16.087501525878906
1711795430837671000,0.9016708984375,-56.10000228881836,9.112500190734863,-15.956250190734863
1711795430857713700,0.921713623046875,-56.45625305175781,9.487500190734863,-16.087501525878906
1711795430877724400,0.941724365234375,-56.45625305175781,9.487500190734863,-16.14375114440918
1711795430897476000,0.96147607421875,-56.212501525878906,9.24375057220459,-16.14375114440918
1711795430917173200,0.98117333984375,-55.91250228881836,9,-16.5
1711795430937297200,1.001297119140625,-55.312503814697266,9.1875,-16.3125
1711795430957528600,1.021528564453125,-55.312503814697266,9.24375057220459,-16.256250381469727
1711795430977439500,1.041439453125,-55.312503814697266,9.412500381469727,-16.200000762939453
1711795430997590300,1.06159033203125,-55.556251525878906,9.65625,-15.71250057220459
1711795431017673500,1.081673583984375,-55.743751525878906,9.24375057220459,-15.956250190734863
1711795431037411800,1.101411865234375,-55.312503814697266,9.487500190734863,-16.012500762939453
1711795431057155300,1.1211552734375,-55.61250305175781,9.600000381469727,-16.012500762939453
1711795431077311500,1.1413115234375,-55.61250305175781,9.65625,-16.200000762939453
1711795431097547300,1.16154736328125,-55.85625076293945,9.90000057220459,-16.14375114440918
1711795431117668000,1.181668212890625,-56.343753814697266,9.787500381469727,-16.012500762939453
1711795431137729500,1.2017294921875,-56.04375076293945,9.84375,-16.14375114440918
1711795431157737200,1.2217373046875,-55.85625076293945,9.787500381469727,-16.087501525878906
1711795431177468000,1.241468017578125,-55.743751525878906,9.956250190734863,-16.200000762939453
1711795431197141500,1.2611416015625,-55.556251525878906,10.3125,-16.3125
1711795431217236700,1.28123681640625,-55.312503814697266,10.387500762939453,-16.14375114440918
1711795431237497900,1.301497802734375,-55.61250305175781,10.143750190734863,-16.6875
1711795431257651700,1.321651611328125,-55.500003814697266,9.787500381469727,-16.743751525878906
1711795431277714200,1.341714111328125,-55.500003814697266,9.412500381469727,-16.6875
1711795431297707500,1.36170751953125,-55.80000305175781,9.112500190734863,-17.287500381469727
1711795431317404000,1.38140380859375,-55.556251525878906,9.05625057220459,-17.212501525878906
1711795431337375700,1.401375732421875,-56.04375076293945,9.1875,-17.45625114440918
1711795431357384200,1.42138427734375,-56.587501525878906,9.1875,-17.700000762939453
1711795431377569000,1.441569091796875,-56.45625305175781,9.1875,-17.64375114440918
1711795431397557800,1.461557861328125,-56.343753814697266,8.8125,-17.8125
1711795431417666000,1.481666015625,-56.04375076293945,8.700000762939453,-18.11250114440918
1711795431437639400,1.501639404296875,-55.556251525878906,8.700000762939453,-18.243751525878906
1711795431457301800,1.5213017578125,-55.500003814697266,8.756250381469727,-18.11250114440918
1711795431477115600,1.54111572265625,-55.98750305175781,9.1875,-17.887500762939453
1711795431497263600,1.561263671875,-56.212501525878906,9.05625057220459,-18
1711795431517130200,1.581130126953125,-56.64375305175781,9.112500190734863,-18.1875
1711795431537066000,1.60106591796875,-56.88750076293945,8.887500762939453,-18.243751525878906
1711795431557491000,1.621490966796875,-57.000003814697266,8.512500762939453,-18.48750114440918
1711795431577634800,1.641634765625,-56.88750076293945,8.100000381469727,-18.543750762939453
1711795431597354200,1.661354248046875,-57.000003814697266,7.556250095367432,-18.712501525878906
1711795431617160700,1.68116064453125,-57.11250305175781,7.256250381469727,-18.95625114440918
1711795431637555000,1.701554931640625,-56.94375228881836,7.200000286102295,-19.012500762939453
1711795431657462500,1.721462646484375,-57.187503814697266,7.087500095367432,-18.900001525878906
1711795431677215200,1.74121533203125,-57.000003814697266,6.900000095367432,-18.712501525878906
1711795431697083600,1.761083740234375,-57.056251525878906,6.843750476837158,-19.256250381469727
1711795431717023200,1.781023193359375,-57.30000305175781,6.243750095367432,-19.443750381469727
1711795431737024000,1.80102392578125,-57.243751525878906,6,-19.556251525878906
1711795431757017900,1.821017822265625,-57.48750305175781,5.700000286102295,-20.212501525878906
1711795431777034200,1.8410341796875,-57.712501525878906,5.043750286102295,-19.80000114440918
1711795431797050600,1.861050537109375,-57.900001525878906,4.912500381469727,-19.743751525878906
1711795431817067800,1.88106787109375,-58.087501525878906,4.5,-19.61250114440918
1711795431837068300,1.901068359375,-58.01250076293945,4.743750095367432,-18.95625114440918
1711795431857080000,1.921080078125,-58.01250076293945,4.912500381469727,-18.900001525878906
1711795431877113900,1.94111376953125,-58.087501525878906,4.912500381469727,-18.712501525878906
1711795431897096200,1.96109619140625,-58.44375228881836,5.100000381469727,-18.787500381469727
1711795431917143000,1.98114306640625,-58.38750076293945,4.743750095367432,-18.30000114440918
1711795431937166300,2.001166259765625,-58.38750076293945,4.743750095367432,-18.11250114440918
1711795431957313800,2.021313720703125,-58.500003814697266,4.800000190734863,-18.1875
1711795431977461800,2.041461669921875,-57.95625305175781,5.043750286102295,-17.887500762939453
1711795431997414400,2.061414306640625,-58.01250076293945,5.212500095367432,-18.412500381469727
1711795432017208600,2.08120849609375,-57.712501525878906,5.287500381469727,-18.356250762939453
1711795432037365200,2.101365234375,-57.41250228881836,5.456250190734863,-18.412500381469727
1711795432057584600,2.121584716796875,-57.54375076293945,5.8125,-18.412500381469727
1711795432077696000,2.141696044921875,-57.54375076293945,5.943750381469727,-18.356250762939453
1711795432097739000,2.161739013671875,-57.60000228881836,6.187500476837158,-18.30000114440918
1711795432117743000,2.1817431640625,-57.843753814697266,6.600000381469727,-17.756250381469727
1711795432137486800,2.20148681640625,-57.900001525878906,6.412500381469727,-17.887500762939453
1711795432157181000,2.221180908203125,-57.78750228881836,6.656250476837158,-17.400001525878906
1711795432177278500,2.241278564453125,-57.35625076293945,6.712500095367432,-17.45625114440918
1711795432197521000,2.26152099609375,-57.243751525878906,6.600000381469727,-17.943750381469727
1711795432217428700,2.2814287109375,-57.35625076293945,6.412500381469727,-17.943750381469727
1711795432237587500,2.30158740234375,-57.30000305175781,6.712500095367432,-18.11250114440918
1711795432257677600,2.321677490234375,-58.01250076293945,6.900000095367432,-17.8125
1711795432277389300,2.341389404296875,-58.25625228881836,6.900000095367432,-17.287500381469727
1711795432297117200,2.3611171875,-58.312503814697266,6.900000095367432,-17.287500381469727
1711795432317275400,2.381275390625,-58.38750076293945,6.843750476837158,-17.400001525878906
1711795432337510000,2.401510009765625,-58.25625228881836,6.656250476837158,-17.756250381469727
1711795432357645600,2.4216455078125,-57.843753814697266,6.656250476837158,-18.11250114440918
1711795432377710800,2.4417109375,-57.41250228881836,6.956250190734863,-17.943750381469727
1711795432397708000,2.4617080078125,-57.30000305175781,6.843750476837158,-17.8125
1711795432417407200,2.4814072265625,-57.35625076293945,6.900000095367432,-17.756250381469727
1711795432437380600,2.501380615234375,-57.54375076293945,6.543750286102295,-17.587501525878906
1711795432457602300,2.521602294921875,-57.656253814697266,6.412500381469727,-17.34375
1711795432477681000,2.541680908203125,-57.78750228881836,5.943750381469727,-17.400001525878906
1711795432497706500,2.56170654296875,-57.656253814697266,5.512500286102295,-17.15625
1711795432517710300,2.58171044921875,-58.087501525878906,5.287500381469727,-17.34375
1711795432537640000,2.601639892578125,-58.500003814697266,4.6875,-17.64375114440918
1711795432557297000,2.621296875,-58.687503814697266,4.5,-17.512500762939453
1711795432577080800,2.641080810546875,-58.743751525878906,4.387500286102295,-17.512500762939453
1711795432597218800,2.66121875,-58.61250305175781,4.143750190734863,-17.043750762939453
1711795432617270800,2.681270751953125,-58.687503814697266,4.387500286102295,-16.6875
1711795432637536500,2.70153662109375,-58.556251525878906,4.443750381469727,-16.61250114440918
1711795432657674200,2.72167431640625,-58.687503814697266,4.143750190734863,-16.443750381469727
1711795432677641700,2.741641845703125,-58.743751525878906,3.9562501907348633,-16.556251525878906
1711795432697291000,2.761291015625,-58.500003814697266,3.843750238418579,-16.80000114440918
1711795432717096700,2.7810966796875,-58.687503814697266,3.6000001430511475,-16.743751525878906
1711795432737527000,2.801527099609375,-58.80000305175781,3.9562501907348633,-16.61250114440918
1711795432757671700,2.821671630859375,-58.85625076293945,4.087500095367432,-16.5
1711795432777725700,2.8417255859375,-58.556251525878906,3.843750238418579,-16.387500762939453
1711795432797735700,2.861735595703125,-58.44375228881836,3.7125000953674316,-16.3125
1711795432817604900,2.88160498046875,-58.91250228881836,3.1125001907348633,-16.443750381469727
1711795432837243100,2.9012431640625,-58.98750305175781,3.3000001907348633,-16.6875
1711795432857031200,2.92103125,-59.587501525878906,3.356250047683716,-16.912500381469727
1711795432877370400,2.941370361328125,-59.812503814697266,3.543750047683716,-17.212501525878906
1711795432897585700,2.961585693359375,-59.400001525878906,4.387500286102295,-17.45625114440918
1711795432917699600,2.981699462890625,-58.98750305175781,4.087500095367432,-17.287500381469727
1711795432937735400,3.0017353515625,-58.98750305175781,4.200000286102295,-17.212501525878906
1711795432957553200,3.02155322265625,-58.80000305175781,4.256250381469727,-17.15625
1711795432977246000,3.041245849609375,-58.98750305175781,4.143750190734863,-17.587501525878906
1711795432997374500,3.06137451171875,-58.85625076293945,4.556250095367432,-17.700000762939453
1711795433017649000,3.08164892578125,-58.743751525878906,4.743750095367432,-17.943750381469727
1711795433037713700,3.101713623046875,-58.91250228881836,4.556250095367432,-17.756250381469727
1711795433057724400,3.121724365234375,-58.743751525878906,4.612500190734863,-17.700000762939453
1711795433077717500,3.141717529296875,-59.10000228881836,4.3125,-17.887500762939453
1711795433097473500,3.1614736328125,-59.04375076293945,4.200000286102295,-17.887500762939453
1711795433117176300,3.18117626953125,-59.04375076293945,4.443750381469727,-17.887500762939453
1711795433137293300,3.201293212890625,-59.343753814697266,4.143750190734863,-18.30000114440918
1711795433157524200,3.221524169921875,-58.98750305175781,4.143750190734863,-18.48750114440918
1711795433177656800,3.24165673828125,-59.51250076293945,4.443750381469727,-18.412500381469727
1711795433197719800,3.2617197265625,-59.64375305175781,4.443750381469727,-18.65625
1711795433217729800,3.281729736328125,-59.400001525878906,4.800000190734863,-18.243751525878906
1711795433237430300,3.30143017578125,-59.64375305175781,4.987500190734863,-18.243751525878906
1711795433257449500,3.321449462890625,-58.98750305175781,5.287500381469727,-18.48750114440918
1711795433277420300,3.341420166015625,-59.04375076293945,5.100000381469727,-18.412500381469727
1711795433297578500,3.36157861328125,-58.98750305175781,5.043750286102295,-18.65625
1711795433317670100,3.381670166015625,-58.743751525878906,4.743750095367432,-18.84375
1711795433337703000,3.401702880859375,-58.687503814697266,4.256250381469727,-18.95625114440918
1711795433357720800,3.421720947265625,-58.44375228881836,4.087500095367432,-18.95625114440918
1711795433377548800,3.441548828125,-58.38750076293945,4.256250381469727,-18.900001525878906
1711795433397188600,3.461188720703125,-58.687503814697266,4.387500286102295,-19.387500762939453
1711795433417519000,3.48151904296875,-59.212501525878906,4.143750190734863,-19.6875
1711795433437631000,3.501630859375,-59.45625305175781,4.087500095367432,-20.34375
1711795433457688800,3.521688720703125,-59.400001525878906,3.543750047683716,-20.8125
1711795433477713700,3.541713623046875,-59.45625305175781,3.356250047683716,-20.512500762939453
1711795433497687000,3.56168701171875,-59.587501525878906,3.2437500953674316,-20.587501525878906
1711795433517388800,3.581388916015625,-59.45625305175781,2.887500047683716,-20.64375114440918
1711795433537134600,3.601134521484375,-59.64375305175781,2.9437501430511475,-20.887500762939453
1711795433557467100,3.621467041015625,-59.64375305175781,2.700000047683716,-21
1711795433577614300,3.6416142578125,-59.587501525878906,2.6437501907348633,-20.45625114440918
1711795433597692200,3.661692138671875,-59.94375228881836,2.6437501907348633,-20.15625
1711795433617722000,3.68172216796875,-59.94375228881836,2.4000000953674316,-19.556251525878906
1711795433637660700,3.70166064453125,-60.000003814697266,2.6437501907348633,-19.256250381469727
1711795433657317600,3.721317626953125,-59.75625228881836,2.6437501907348633,-19.3125
1711795433677089300,3.74108935546875,-59.88750076293945,2.2125000953674316,-19.443750381469727
1711795433697433300,3.761433349609375,-59.94375228881836,1.9875000715255737,-19.61250114440918
1711795433717605400,3.78160546875,-60.056251525878906,1.6875001192092896,-20.043750762939453
1711795433737693700,3.801693603515625,-60.243751525878906,1.6125000715255737,-20.043750762939453
1711795433757729000,3.82172900390625,-59.812503814697266,1.8562500476837158,-19.856250762939453
1711795433777634800,3.841634765625,-59.51250076293945,2.043750047683716,-19.443750381469727
1711795433797268200,3.861268310546875,-59.51250076293945,2.043750047683716,-19.200000762939453
1711795433817075200,3.8810751953125,-59.28750228881836,2.15625,-19.5
1711795433837449200,3.90144921875,-59.51250076293945,2.15625,-19.61250114440918
1711795433857618200,3.9216181640625,-60.187503814697266,2.043750047683716,-19.61250114440918
1711795433877703400,3.941703369140625,-60.11250305175781,1.8000000715255737,-19.5
1711795433897733000,3.961733154296875,-60.54375076293945,1.5,-19.6875
1711795433917612300,3.9816123046875,-60.48750305175781,1.5562500953674316,-19.387500762939453
1711795433937254100,4.001254150390625,-60.11250305175781,1.7437500953674316,-19.3125
1711795433957378600,4.021378662109375,-60.48750305175781,2.15625,-19.087501525878906
1711795433977568500,4.041568603515625,-60.30000305175781,2.4000000953674316,-18.65625
1711795433997667000,4.0616669921875,-60.30000305175781,2.34375,-18.712501525878906
1711795434017538300,4.081538330078125,-60.41250228881836,2.4000000953674316,-18.543750762939453
1711795434037636900,4.101636962890625,-60.60000228881836,2.1000001430511475,-18.48750114440918
1711795434057506300,4.12150634765625,-60.78750228881836,1.8562500476837158,-18.356250762939453
1711795434077241000,4.141240966796875,-60.95625305175781,1.8562500476837158,-17.8125
1711795434097384200,4.16138427734375,-60.78750228881836,1.3875000476837158,-17.64375114440918
1711795434117568300,4.181568359375,-60.656253814697266,1.2000000476837158,-17.45625114440918
1711795434137680400,4.201680419921875,-60.656253814697266,1.3875000476837158,-17.400001525878906
1711795434157720300,4.22172021484375,-60.712501525878906,1.3875000476837158,-17.287500381469727
1711795434177727500,4.2417275390625,-61.25625228881836,1.8000000715255737,-16.912500381469727
1711795434197488000,4.261488037109375,-61.61250305175781,1.8000000715255737,-17.100000381469727
1711795434217179400,4.281179443359375,-61.01250076293945,1.912500023841858,-16.6875
1711795434237310200,4.301310302734375,-61.087501525878906,2.2125000953674316,-16.61250114440918
1711795434257537500,4.32153759765625,-60.843753814697266,2.15625,-16.912500381469727
1711795434277658000,4.341658203125,-60.843753814697266,2.512500047683716,-16.556251525878906
1711795434297711900,4.3617119140625,-60.900001525878906,2.4000000953674316,-16.3125
1711795434317728300,4.381728271484375,-60.843753814697266,2.512500047683716,-16.200000762939453
1711795434337441300,4.401441162109375,-60.900001525878906,2.2125000953674316,-16.256250381469727
1711795434357148700,4.421148681640625,-60.60000228881836,2.043750047683716,-16.200000762939453
1711795434377255400,4.44125537109375,-60.54375076293945,1.7437500953674316,-16.14375114440918
1711795434397511000,4.461510986328125,-60.656253814697266,1.3125,-16.256250381469727
1711795434417660200,4.48166015625,-60.78750228881836,1.3875000476837158,-16.200000762939453
1711795434437719800,4.5017197265625,-60.900001525878906,1.3875000476837158,-16.087501525878906
1711795434457734400,4.521734375,-61.312503814697266,1.5562500953674316,-15.956250190734863
1711795434477480000,4.54147998046875,-61.20000076293945,1.6875001192092896,-15.71250057220459
1711795434497161200,4.5611611328125,-61.087501525878906,1.6125000715255737,-15.843750953674316
1711795434517247200,4.581247314453125,-61.14375305175781,1.6875001192092896,-16.087501525878906
1711795434537505300,4.60150537109375,-61.312503814697266,1.5,-16.5
1711795434557646000,4.62164599609375,-61.44375228881836,1.0875000953674316,-16.80000114440918
1711795434577710600,4.641710693359375,-61.38750076293945,1.1437500715255737,-16.80000114440918
1711795434597708500,4.66170849609375,-61.500003814697266,1.1437500715255737,-16.80000114440918
1711795434617417000,4.6814169921875,-61.500003814697266,1.443750023841858,-16.98750114440918
1711795434637159400,4.701159423828125,-61.312503814697266,1.7437500953674316,-17.212501525878906
1711795434657494500,4.72149462890625,-61.312503814697266,1.8000000715255737,-17.512500762939453
1711795434677631700,4.7416318359375,-60.712501525878906,1.8562500476837158,-17.756250381469727
1711795434697703000,4.761702880859375,-60.30000305175781,1.8000000715255737,-18.056251525878906
1711795434717720300,4.78172021484375,-60.243751525878906,2.15625,-17.943750381469727
1711795434737661400,4.801661376953125,-60.30000305175781,2.34375,-17.8125
1711795434757329400,4.821329345703125,-60.95625305175781,2.5875000953674316,-18.1875
1711795434777099000,4.84109912109375,-61.14375305175781,2.5875000953674316,-18.11250114440918
1711795434797438500,4.8614384765625,-61.44375228881836,2.4000000953674316,-18.356250762939453
1711795434817610000,4.88160986328125,-61.25625228881836,2.15625,-18.712501525878906
1711795434837689900,4.90168994140625,-60.843753814697266,1.9875000715255737,-18.787500381469727
1711795434857718500,4.921718505859375,-60.900001525878906,1.9875000715255737,-18.787500381469727
1711795434877632500,4.941632568359375,-60.843753814697266,2.043750047683716,-19.256250381469727
1711795434897271300,4.961271240234375,-61.20000076293945,1.9875000715255737,-19.443750381469727
1711795434917081000,4.9810810546875,-61.687503814697266,1.9875000715255737,-19.556251525878906
1711795434937410800,5.001410888671875,-61.80000305175781,1.912500023841858,-19.80000114440918
1711795434957600000,5.02160009765625,-61.91250228881836,1.6125000715255737,-19.912500381469727
1711795434977699600,5.041699462890625,-62.10000228881836,1.6125000715255737,-20.15625
1711795434997729000,5.06172900390625,-61.80000305175781,1.256250023841858,-20.212501525878906
1711795435017616100,5.0816162109375,-61.687503814697266,1.0125000476837158,-20.15625
1711795435037261800,5.10126171875,-61.687503814697266,1.0875000953674316,-20.100000381469727
1711795435057398500,5.1213984375,-61.61250305175781,0.7875000238418579,-20.100000381469727
1711795435077572000,5.141572021484375,-61.85625076293945,0.8437500596046448,-20.15625
1711795435097671400,5.16167138671875,-61.98750305175781,0.5437500476837158,-20.15625
1711795435117715000,5.18171484375,-62.28750228881836,0.30000001192092896,-20.212501525878906
1711795435137728300,5.201728271484375,-62.212501525878906,0.24375000596046448,-20.212501525878906
1711795435157542100,5.221542236328125,-62.343753814697266,0.1875,-20.212501525878906
1711795435177248000,5.241248046875,-62.28750228881836,0.35625001788139343,-20.100000381469727
1711795435197076200,5.261076171875,-62.04375076293945,0.35625001788139343,-20.100000381469727
1711795435217168000,5.28116796875,-62.04375076293945,0.35625001788139343,-20.15625
1711795435237465600,5.301465576171875,-62.04375076293945,-0.05625000223517418,-19.98750114440918
1711795435257642200,5.321642333984375,-61.98750305175781,-0.05625000223517418,-20.212501525878906
1711795435277716200,5.34171630859375,-62.212501525878906,-0.30000001192092896,-20.212501525878906
1711795435297513500,5.361513427734375,-62.212501525878906,-0.48750001192092896,-20.212501525878906
1711795435317214500,5.38121435546875,-62.212501525878906,-0.5437500476837158,-20.100000381469727
1711795435337344500,5.401344482421875,-61.98750305175781,-1.0125000476837158,-19.98750114440918
1711795435357551900,5.4215517578125,-62.10000228881836,-1.0125000476837158,-19.6875
1711795435377445400,5.4414453125,-62.343753814697266,-0.7875000238418579,-19.6875
1711795435397595100,5.46159521484375,-62.51250076293945,-0.8437500596046448,-19.200000762939453
1711795435417681000,5.481680908203125,-62.75625228881836,-0.6000000238418579,-19.556251525878906
1711795435437435600,5.501435546875,-62.587501525878906,-0.7875000238418579,-19.556251525878906
1711795435457188000,5.52118798828125,-62.75625228881836,-0.6000000238418579,-19.80000114440918
1711795435477299000,5.541298828125,-62.212501525878906,-0.35625001788139343,-20.043750762939453
1711795435497531400,5.561531494140625,-62.343753814697266,-0.1875,-19.98750114440918
1711795435517662000,5.581661865234375,-62.28750228881836,-0.30000001192092896,-20.287500381469727
1711795435537721900,5.601721923828125,-62.212501525878906,0,-20.64375114440918
1711795435557729000,5.62172900390625,-62.45625305175781,-0.30000001192092896,-20.756250381469727
1711795435577400300,5.641400390625,-62.587501525878906,-0.30000001192092896,-20.45625114440918
1711795435597120500,5.66112060546875,-62.51250076293945,-0.48750001192092896,-20.043750762939453
1711795435617492000,5.681491943359375,-62.51250076293945,-0.5437500476837158,-19.80000114440918
1711795435637636600,5.70163671875,-62.45625305175781,-0.30000001192092896,-19.61250114440918
1711795435657700900,5.721700927734375,-62.51250076293945,-0.24375000596046448,-19.743751525878906
1711795435677722400,5.741722412109375,-62.400001525878906,-0.30000001192092896,-20.100000381469727
1711795435697702000,5.761701904296875,-62.400001525878906,-0.65625,-19.743751525878906
1711795435717406200,5.78140625,-62.343753814697266,-0.6000000238418579,-19.61250114440918
1711795435737089000,5.801089111328125,-62.28750228881836,-0.48750001192092896,-19.443750381469727
1711795435757233200,5.821233154296875,-62.70000076293945,-0.11250000447034836,-19.14375114440918
1711795435777484300,5.841484375,-62.587501525878906,-0.11250000447034836,-19.087501525878906
1711795435797634000,5.861634033203125,-62.75625228881836,-0.24375000596046448,-18.95625114440918
1711795435817708300,5.881708251953125,-62.94375228881836,-0.24375000596046448,-18.543750762939453
1711795435837668000,5.901668212890625,-62.70000076293945,-0.35625001788139343,-18.30000114440918
1711795435857348900,5.921348876953125,-63.000003814697266,-0.24375000596046448,-18
1711795435877119200,5.941119140625,-62.88750076293945,-0.48750001192092896,-18.056251525878906
1711795435897456000,5.9614560546875,-62.94375228881836,-0.5437500476837158,-18
1711795435917623600,5.98162353515625,-63.11250305175781,-0.65625,-17.756250381469727
1711795435937699800,6.001699951171875,-63.30000305175781,-0.7125000357627869,-17.700000762939453
1711795435957726200,6.021726318359375,-63.48750305175781,-0.7125000357627869,-17.8125
1711795435977639000,6.041638916015625,-63.243751525878906,-0.7125000357627869,-17.756250381469727
1711795435997274600,6.061274658203125,-62.88750076293945,-0.7875000238418579,-17.8125
1711795436017065700,6.081065673828125,-62.51250076293945,-0.7125000357627869,-18
1711795436037405400,6.101405517578125,-62.51250076293945,-1.0875000953674316,-17.64375114440918
1711795436057592800,6.1215927734375,-62.45625305175781,-1.3875000476837158,-17.64375114440918
1711795436077689300,6.141689453125,-62.812503814697266,-1.5,-17.512500762939453
1711795436097728300,6.161728271484375,-62.75625228881836,-1.5562500953674316,-17.34375
1711795436117612300,6.1816123046875,-62.70000076293945,-1.7437500953674316,-17.212501525878906
1711795436137253400,6.20125341796875,-63.000003814697266,-1.8562500476837158,-17.34375
1711795436157052200,6.22105224609375,-62.812503814697266,-1.912500023841858,-17.34375
1711795436177383400,6.241383544921875,-62.75625228881836,-2.4000000953674316,-17.100000381469727
1711795436197370600,6.26137060546875,-62.51250076293945,-2.6437501907348633,-17.512500762939453
1711795436217569800,6.28156982421875,-62.400001525878906,-2.512500047683716,-17.34375
1711795436237677800,6.301677734375,-62.587501525878906,-2.6437501907348633,-17.700000762939453
1711795436257560800,6.321560791015625,-62.75625228881836,-2.512500047683716,-17.8125
1711795436277242400,6.341242431640625,-63.187503814697266,-2.2875001430511475,-17.512500762939453
1711795436297394000,6.361393798828125,-63.056251525878906,-2.512500047683716,-17.587501525878906
1711795436317358000,6.381358154296875,-62.94375228881836,-2.6437501907348633,-17.64375114440918
1711795436337550000,6.401550048828125,-62.64375305175781,-2.512500047683716,-17.700000762939453
1711795436357670100,6.421670166015625,-62.587501525878906,-2.043750047683716,-17.512500762939453
1711795436377716200,6.44171630859375,-62.400001525878906,-1.7437500953674316,-17.512500762939453
1711795436397503700,6.461503662109375,-62.587501525878906,-1.6125000715255737,-17.212501525878906
1711795436417205000,6.481205078125,-62.75625228881836,-1.2000000476837158,-16.856250762939453
1711795436437047800,6.5010478515625,-62.75625228881836,-1.256250023841858,-17.100000381469727
1711795436457216300,6.52121630859375,-63.000003814697266,-0.8437500596046448,-17.043750762939453
1711795436477515500,6.541515625,-62.88750076293945,-0.65625,-17.15625
1711795436497670700,6.561670654296875,-63.056251525878906,-0.30000001192092896,-17.100000381469727
1711795436517735400,6.5817353515625,-62.587501525878906,-0.05625000223517418,-17.287500381469727
1711795436537476000,6.60147607421875,-62.75625228881836,-0.30000001192092896,-17.287500381469727
1711795436557188600,6.621188720703125,-62.812503814697266,-0.05625000223517418,-17.287500381469727
1711795436577043500,6.64104345703125,-62.400001525878906,-0.1875,-17.64375114440918
1711795436597219600,6.661219482421875,-62.70000076293945,-0.1875,-17.287500381469727
1711795436617295000,6.681295166015625,-62.343753814697266,0.24375000596046448,-17.287500381469727
1711795436637558500,6.70155859375,-61.85625076293945,0.30000001192092896,-17.287500381469727
1711795436657689900,6.72168994140625,-62.04375076293945,0.65625,-17.100000381469727
1711795436677421600,6.741421630859375,-62.04375076293945,0.9000000357627869,-16.912500381469727
1711795436697153500,6.761153564453125,-61.91250228881836,0.65625,-17.212501525878906
1711795436717038300,6.781038330078125,-62.45625305175781,0.7125000357627869,-17.45625114440918
1711795436737397200,6.801397216796875,-62.45625305175781,0.5437500476837158,-17.512500762939453
1711795436757615400,6.821615478515625,-62.28750228881836,0.30000001192092896,-17.887500762939453
1711795436777713000,6.841712890625,-62.212501525878906,0.30000001192092896,-18.056251525878906
1711795436797560600,6.861560546875,-61.91250228881836,0,-18.056251525878906
1711795436817360100,6.881360107421875,-61.85625076293945,-0.1875,-18.356250762939453
1711795436837094100,6.90109423828125,-62.10000228881836,-0.4125000238418579,-18.600000381469727
1711795436857491200,6.9214912109375,-62.400001525878906,-0.7875000238418579,-18.65625
1711795436877419000,6.9414189453125,-62.587501525878906,-0.6000000238418579,-18.787500381469727
1711795436897376800,6.961376708984375,-62.70000076293945,-0.7125000357627869,-18.787500381469727
1711795436917565700,6.981565673828125,-62.75625228881836,-0.65625,-18.712501525878906
1711795436937619700,7.00161962890625,-62.587501525878906,-0.4125000238418579,-18.712501525878906
1711795436957345500,7.021345458984375,-62.70000076293945,-0.65625,-19.012500762939453
1711795436977136400,7.041136474609375,-62.70000076293945,-0.4125000238418579,-19.14375114440918
1711795436997495800,7.061495849609375,-62.64375305175781,-0.8437500596046448,-19.5
1711795437017641200,7.08164111328125,-62.587501525878906,-0.956250011920929,-19.856250762939453
1711795437037712400,7.10171240234375,-62.343753814697266,-1.1437500715255737,-19.743751525878906
1711795437057726500,7.1217265625,-62.51250076293945,-2.043750047683716,-19.80000114440918
1711795437077641200,7.14164111328125,-62.75625228881836,-1.8562500476837158,-19.387500762939453
1711795437097267700,7.161267822265625,-63.000003814697266,-2.5875000953674316,-19.200000762939453
1711795437117064400,7.181064453125,-63.056251525878906,-3.1125001907348633,-19.14375114440918
1711795437137417200,7.201417236328125,-63.000003814697266,-2.887500047683716,-19.200000762939453
1711795437157602800,7.221602783203125,-62.75625228881836,-2.7562501430511475,-19.256250381469727
1711795437177697800,7.24169775390625,-62.51250076293945,-2.512500047683716,-19.14375114440918
1711795437197735200,7.261735107421875,-62.64375305175781,-2.15625,-19.256250381469727
1711795437217618400,7.281618408203125,-62.587501525878906,-1.8000000715255737,-19.012500762939453
1711795437237259300,7.30125927734375,-62.88750076293945,-1.8562500476837158,-19.14375114440918
1711795437257064700,7.321064697265625,-63.11250305175781,-1.6875001192092896,-18.95625114440918
1711795437277392400,7.341392333984375,-62.75625228881836,-1.256250023841858,-18.712501525878906
1711795437297194800,7.36119482421875,-62.88750076293945,-1.1437500715255737,-18.65625
1711795437317483500,7.3814833984375,-62.343753814697266,-1.0125000476837158,-18.356250762939453
1711795437337642000,7.40164208984375,-62.04375076293945,-0.6000000238418579,-18.30000114440918
1711795437357587700,7.421587646484375,-62.343753814697266,-0.6000000238418579,-18.11250114440918
1711795437377314300,7.441314208984375,-61.98750305175781,-0.8437500596046448,-17.887500762939453
1711795437397440000,7.46143994140625,-62.10000228881836,-0.48750001192092896,-17.64375114440918
1711795437417681000,7.481680908203125,-61.98750305175781,-0.8437500596046448,-17.8125
1711795437437724400,7.501724365234375,-61.61250305175781,-0.6000000238418579,-17.8125
1711795437457731600,7.521731689453125,-61.44375228881836,-0.30000001192092896,-17.943750381469727
1711795437477725200,7.54172509765625,-61.500003814697266,-0.7125000357627869,-18.356250762939453
1711795437497491500,7.561491455078125,-61.61250305175781,-0.4125000238418579,-18.1875
1711795437517205800,7.581205810546875,-61.44375228881836,-0.8437500596046448,-18.30000114440918
1711795437537044000,7.6010439453125,-61.500003814697266,-1.0125000476837158,-18.30000114440918
1711795437557376300,7.621376220703125,-61.20000076293945,-0.956250011920929,-18.30000114440918
1711795437577585400,7.64158544921875,-61.312503814697266,-1.0125000476837158,-18.412500381469727
1711795437597523500,7.6615234375,-61.687503814697266,-1.3125,-18.600000381469727
1711795437617642500,7.681642578125,-61.61250305175781,-1.0875000953674316,-18.65625
1711795437637435600,7.701435546875,-61.85625076293945,-0.956250011920929,-18.600000381469727
1711795437657232400,7.721232421875,-61.61250305175781,-1.3125,-18.356250762939453
1711795437677078300,7.741078369140625,-61.20000076293945,-1.1437500715255737,-18.243751525878906
1711795437697415200,7.761415283203125,-61.44375228881836,-1.256250023841858,-18.1875
1711795437717611300,7.781611328125,-61.61250305175781,-1.443750023841858,-18.1875
1711795437737786000,7.8017861328125,-61.38750076293945,-1.3875000476837158,-18.056251525878906
1711795437757786600,7.82178662109375,-61.500003814697266,-1.1437500715255737,-17.943750381469727
1711795437777452300,7.841452392578125,-61.500003814697266,-1.2000000476837158,-17.8125
1711795437797145900,7.861145751953125,-61.38750076293945,-1.3875000476837158,-18.543750762939453
1711795437817242600,7.88124267578125,-61.556251525878906,-1.5562500953674316,-18.712501525878906
1711795437837496000,7.90149609375,-61.312503814697266,-1.9875000715255737,-19.14375114440918
1711795437857247500,7.92124755859375,-61.20000076293945,-1.8562500476837158,-19.256250381469727
1711795437877502200,7.941502197265625,-60.95625305175781,-2.2875001430511475,-18.95625114440918
1711795437897639000,7.961638916015625,-61.25625228881836,-2.15625,-18.95625114440918
1711795437917424600,7.981424560546875,-61.500003814697266,-2.2875001430511475,-18.712501525878906
1711795437937138200,8.00113818359375,-61.44375228881836,-1.912500023841858,-18.48750114440918
1711795437957506300,8.02150634765625,-61.687503814697266,-1.7437500953674316,-18.600000381469727
1711795437977427000,8.041427001953124,-61.312503814697266,-2.1000001430511475,-18.712501525878906
1711795437997585000,8.0615849609375,-60.95625305175781,-2.043750047683716,-19.012500762939453
1711795438017672400,8.08167236328125,-60.60000228881836,-2.700000047683716,-19.14375114440918
1711795438037667300,8.101667236328124,-60.30000305175781,-2.6437501907348633,-19.3125
1711795438057358800,8.12135888671875,-60.41250228881836,-2.512500047683716,-19.387500762939453
1711795438077123800,8.141123779296874,-60.900001525878906,-2.512500047683716,-18.95625114440918
1711795438097243000,8.161242919921875,-61.14375305175781,-1.9875000715255737,-18.95625114440918
1711795438117505000,8.181505126953125,-61.687503814697266,-1.912500023841858,-19.012500762939453
1711795438137440300,8.201440185546875,-61.61250305175781,-1.3125,-19.012500762939453
1711795438157601800,8.221601806640624,-61.556251525878906,-1.256250023841858,-19.61250114440918
1711795438177653500,8.241653564453125,-61.61250305175781,-1.0125000476837158,-19.80000114440918
1711795438197315000,8.261315185546875,-61.087501525878906,-1.256250023841858,-19.743751525878906
1711795438217110000,8.281110107421876,-61.20000076293945,-1.1437500715255737,-19.6875
1711795438237440500,8.3014404296875,-61.20000076293945,-0.956250011920929,-19.61250114440918
1711795438257619700,8.32161962890625,-60.95625305175781,-0.8437500596046448,-19.14375114440918
1711795438277700600,8.34170068359375,-60.712501525878906,-0.6000000238418579,-19.200000762939453
1711795438297727700,8.361727783203126,-60.30000305175781,-0.65625,-19.200000762939453
1711795438317617000,8.381616943359376,-59.812503814697266,-0.7125000357627869,-19.3125
1711795438337253400,8.40125341796875,-59.70000076293945,-0.9000000357627869,-19.743751525878906
1711795438357054700,8.4210546875,-60.187503814697266,-1.0875000953674316,-20.15625
1711795438377167600,8.441167724609375,-60.30000305175781,-1.1437500715255737,-20.8125
1711795438397297700,8.461297607421875,-60.48750305175781,-0.7125000357627869,-20.587501525878906
1711795438417389800,8.481389892578125,-60.11250305175781,-0.9000000357627869,-20.700000762939453
1711795438437210400,8.50121044921875,-60.056251525878906,-0.7875000238418579,-20.512500762939453
1711795438457356800,8.521356689453125,-60.11250305175781,-1.0125000476837158,-20.100000381469727
1711795438477187300,8.541187255859375,-60.187503814697266,-1.1437500715255737,-20.34375
1711795438497087200,8.561087158203126,-60.60000228881836,-1.0875000953674316,-20.34375
1711795438517269800,8.581269775390625,-60.54375076293945,-1.256250023841858,-20.212501525878906
1711795438537150200,8.601150146484375,-60.60000228881836,-1.0125000476837158,-20.34375
1711795438557483800,8.62148388671875,-60.48750305175781,-1.5562500953674316,-20.587501525878906
1711795438577659400,8.641659423828125,-60.900001525878906,-1.7437500953674316,-20.587501525878906
1711795438597522700,8.661522705078125,-60.900001525878906,-1.7437500953674316,-21.056251525878906
1711795438617261000,8.681260986328125,-60.48750305175781,-2.1000001430511475,-21.30000114440918
1711795438637382000,8.7013818359375,-60.656253814697266,-1.6125000715255737,-21.48750114440918
1711795438657578800,8.721578857421875,-60.30000305175781,-1.6125000715255737,-22.012500762939453
1711795438677460500,8.74146044921875,-60.056251525878906,-1.2000000476837158,-22.012500762939453
1711795438697604000,8.76160400390625,-60.056251525878906,-1.3125,-22.3125
1711795438717675300,8.78167529296875,-59.88750076293945,-1.5562500953674316,-22.012500762939453
1711795438737442600,8.801442626953126,-59.70000076293945,-1.5,-22.256250381469727
1711795438757165800,8.821165771484376,-59.94375228881836,-1.8562500476837158,-22.012500762939453
1711795438777300700,8.84130078125,-60.187503814697266,-1.6125000715255737,-21.84375
1711795438797535000,8.861534912109375,-60.35625076293945,-1.7437500953674316,-21.900001525878906
1711795438817667800,8.881667724609375,-60.54375076293945,-2.043750047683716,-21.712501525878906
1711795438837778000,8.90177783203125,-60.60000228881836,-2.1000001430511475,-21.600000381469727
1711795438857757400,8.92175732421875,-60.54375076293945,-2.2875001430511475,-21.600000381469727
1711795438877430500,8.941430419921875,-60.712501525878906,-2.2875001430511475,-21.65625
1711795438897134000,8.961134033203125,-60.712501525878906,-2.4562501907348633,-21.712501525878906
1711795438917261600,8.981261474609376,-60.78750228881836,-2.6437501907348633,-21.84375
1711795438937511000,9.001510986328125,-60.95625305175781,-2.5875000953674316,-21.787500381469727
1711795438957482200,9.021482177734375,-60.712501525878906,-2.700000047683716,-21.600000381469727
1711795438977446400,9.0414462890625,-60.656253814697266,-2.6437501907348633,-21.84375
1711795438997411600,9.06141162109375,-60.35625076293945,-2.4562501907348633,-22.256250381469727
1711795439017350100,9.08135009765625,-60.187503814697266,-2.512500047683716,-22.3125
1711795439037116400,9.101116455078126,-59.70000076293945,-2.15625,-22.14375114440918
1711795439057280000,9.121280029296875,-59.70000076293945,-1.7437500953674316,-22.012500762939453
1711795439077527000,9.141527099609375,-59.400001525878906,-1.443750023841858,-21.65625
1711795439097667000,9.1616669921875,-59.45625305175781,-1.0875000953674316,-21.412500381469727
1711795439117719300,9.18171923828125,-59.88750076293945,-0.8437500596046448,-21.412500381469727
1711795439137695500,9.201695556640624,-59.75625228881836,-0.9000000357627869,-21.543750762939453
1711795439157374000,9.2213740234375,-60.243751525878906,-1.0125000476837158,-21.412500381469727
1711795439177122000,9.2411220703125,-59.94375228881836,-1.2000000476837158,-21.412500381469727
1711795439197483300,9.261483154296876,-59.51250076293945,-1.3125,-21.356250762939453
1711795439217627100,9.281627197265625,-59.587501525878906,-1.0875000953674316,-21
1711795439237303300,9.30130322265625,-59.10000228881836,-0.7875000238418579,-21.11250114440918
1711795439257291000,9.321291015625,-59.156253814697266,-0.6000000238418579,-21.056251525878906
1711795439277476000,9.34147607421875,-59.70000076293945,-0.48750001192092896,-20.943750381469727
1711795439297243000,9.361242919921875,-59.51250076293945,-0.65625,-20.943750381469727
1711795439317099500,9.381099609375,-60.000003814697266,-0.65625,-20.8125
1711795439337484800,9.40148486328125,-60.35625076293945,-0.65625,-20.400001525878906
1711795439357424400,9.42142431640625,-60.056251525878906,-0.7875000238418579,-19.912500381469727
1711795439377598500,9.441598388671874,-60.000003814697266,-0.7875000238418579,-19.5
1711795439397690000,9.461690185546875,-59.75625228881836,-0.8437500596046448,-18.787500381469727
1711795439417616000,9.481615966796875,-59.212501525878906,-0.7875000238418579,-18.600000381469727
1711795439437269000,9.50126904296875,-58.85625076293945,-0.48750001192092896,-18.412500381469727
1711795439457073400,9.521073486328126,-59.04375076293945,-0.05625000223517418,-18.056251525878906
1711795439477185000,9.54118505859375,-59.156253814697266,0.11250000447034836,-18.1875
1711795439497474600,9.561474609375,-59.156253814697266,0.11250000447034836,-17.943750381469727
1711795439517470700,9.581470703125,-59.51250076293945,-0.11250000447034836,-17.943750381469727
1711795439537636000,9.601635986328125,-59.45625305175781,-0.4125000238418579,-17.8125
1711795439557572000,9.621572021484376,-59.587501525878906,-0.4125000238418579,-17.512500762939453
1711795439577301800,9.6413017578125,-59.51250076293945,-0.35625001788139343,-17.34375
1711795439597414000,9.661413818359375,-59.51250076293945,-0.24375000596046448,-17.100000381469727
1711795439617585000,9.6815849609375,-59.45625305175781,-0.05625000223517418,-16.98750114440918
1711795439637515800,9.701515869140625,-59.587501525878906,-0.1875,-16.912500381469727
1711795439657647400,9.7216474609375,-59.51250076293945,-0.35625001788139343,-16.98750114440918
1711795439677702700,9.74170263671875,-59.51250076293945,-0.30000001192092896,-17.043750762939453
1711795439697519900,9.761519775390624,-59.28750228881836,-0.4125000238418579,-17.15625
1711795439717224200,9.78122412109375,-59.156253814697266,-0.65625,-17.100000381469727
1711795439737360100,9.801360107421875,-59.64375305175781,-0.7125000357627869,-17.043750762939453
1711795439757563600,9.821563720703125,-59.75625228881836,-0.7875000238418579,-16.80000114440918
1711795439777668400,9.84166845703125,-60.11250305175781,-0.7125000357627869,-16.912500381469727
1711795439797713200,9.861713134765624,-60.30000305175781,-0.9000000357627869,-17.043750762939453
1711795439817666300,9.881666259765625,-60.30000305175781,-0.7125000357627869,-17.512500762939453
1711795439837435400,9.901435302734376,-60.243751525878906,-1.3875000476837158,-18.056251525878906
1711795439857154000,9.921154052734375,-60.056251525878906,-1.5562500953674316,-18.30000114440918
1711795439877297700,9.941297607421875,-59.94375228881836,-1.3875000476837158,-18.11250114440918
1711795439897537300,9.961537353515626,-59.88750076293945,-1.6875001192092896,-17.400001525878906
1711795439917673500,9.981673583984374,-59.88750076293945,-1.1437500715255737,-17.100000381469727
1711795439937784800,10.001784912109375,-59.70000076293945,-0.8437500596046448,-16.6875
1711795439957764900,10.021764892578124,-59.45625305175781,-0.65625,-16.5
1711795439977437700,10.041437744140625,-59.45625305175781,-0.6000000238418579,-16.443750381469727
1711795439997140000,10.061139892578124,-59.28750228881836,0.05625000223517418,-15.787500381469727
1711795440017256400,10.08125634765625,-58.98750305175781,0.48750001192092896,-15.412500381469727
1711795440037511000,10.101510986328124,-59.04375076293945,0.7875000238418579,-15.000000953674316
1711795440057649000,10.12164892578125,-59.04375076293945,1.6125000715255737,-14.887500762939453
1711795440077711400,10.14171142578125,-58.85625076293945,1.9875000715255737,-14.756250381469727
1711795440097719800,10.1617197265625,-58.85625076293945,2.5875000953674316,-14.812500953674316
1711795440117453800,10.181453857421875,-58.61250305175781,2.9437501430511475,-15.000000953674316
1711795440137136000,10.20113623046875,-58.01250076293945,2.8125,-15.112500190734863
1711795440157486600,10.221486572265626,-57.900001525878906,3,-15.412500381469727
1711795440177456600,10.24145654296875,-57.95625305175781,3.187500238418579,-15.112500190734863
1711795440197614800,10.26161474609375,-57.843753814697266,3.4875001907348633,-15.300000190734863
1711795440217689000,10.281689208984375,-58.38750076293945,3.843750238418579,-15.300000190734863
1711795440237683500,10.301683349609375,-58.500003814697266,3.9562501907348633,-15.487500190734863
1711795440257373700,10.321373779296875,-58.500003814697266,3.356250047683716,-16.14375114440918
1711795440277128200,10.341128173828125,-58.25625228881836,3.187500238418579,-15.843750953674316
1711795440297480400,10.36148046875,-58.14375305175781,3.187500238418579,-15.487500190734863
1711795440317458200,10.381458251953125,-57.95625305175781,3.3000001907348633,-15.187500953674316
1711795440337609700,10.401609619140626,-57.900001525878906,3.843750238418579,-14.700000762939453
1711795440357687300,10.421687255859375,-58.312503814697266,3.7875001430511475,-14.643750190734863
1711795440377651200,10.441651123046874,-58.25625228881836,3.4125001430511475,-14.756250381469727
1711795440397307000,10.461306884765625,-58.25625228881836,3.0562500953674316,-14.287500381469727
1711795440417104600,10.481104736328126,-58.312503814697266,3.187500238418579,-13.74375057220459
1711795440437449500,10.501449462890625,-58.01250076293945,2.9437501430511475,-13.443750381469727
1711795440457446400,10.5214462890625,-58.14375305175781,2.4000000953674316,-13.143750190734863
1711795440477619200,10.541619140625,-58.087501525878906,1.8562500476837158,-12.656250953674316
1711795440497697800,10.56169775390625,-58.14375305175781,0.7125000357627869,-12.356250762939453
1711795440517623800,10.581623779296875,-58.312503814697266,0.11250000447034836,-11.756250381469727
1711795440537278000,10.60127783203125,-58.01250076293945,-0.11250000447034836,-10.200000762939453
1711795440557090800,10.6210908203125,-57.900001525878906,-0.9000000357627869,-8.943750381469727
1711795440577400600,10.641400634765626,-57.78750228881836,-1.8000000715255737,-8.34375
1711795440597597400,10.661597412109375,-57.056251525878906,-2.9437501430511475,-7.912500381469727
1711795440617689900,10.68168994140625,-56.04375076293945,-4.3125,-7.912500381469727
1711795440637511000,10.701510986328126,-54.41250228881836,-5.587500095367432,-8.100000381469727
1711795440657473000,10.72147314453125,-52.20000076293945,-6.900000095367432,-7.256250381469727
1711795440677197800,10.74119775390625,-50.28750228881836,-7.987500190734863,-6.243750095367432
1711795440697329000,10.761328857421875,-48.243751525878906,-8.756250381469727,-5.34375
1711795440717583400,10.781583251953125,-46.3125,-9.1875,-4.200000286102295
1711795440737744600,10.80174462890625,-44.88750076293945,-9.84375,-3.1125001907348633
1711795440757538800,10.821538818359375,-43.5,-10.612500190734863,-2.043750047683716
1711795440777618000,10.841617919921875,-42.54375076293945,-11.58750057220459,-1.256250023841858
1711795440797481000,10.86148095703125,-42.35625076293945,-12.787500381469727,-0.65625
1711795440817209600,10.881209716796874,-42.11250305175781,-13.55625057220459,-0.48750001192092896
1711795440837286100,10.9012861328125,-42.1875,-14.456250190734863,-0.48750001192092896
1711795440857360400,10.9213603515625,-42.35625076293945,-15.187500953674316,-0.1875
1711795440877353700,10.941353759765626,-42.30000305175781,-16.012500762939453,0.30000001192092896
1711795440897565700,10.961565673828124,-42.35625076293945,-16.443750381469727,0.8437500596046448
1711795440917613600,10.981613525390625,-41.8125,-17.043750762939453,1.1437500715255737
1711795440937455400,11.001455322265626,-41.587501525878906,-17.512500762939453,1.3125
1711795440957216300,11.02121630859375,-40.91250228881836,-17.887500762939453,1.443750023841858
1711795440977076500,11.041076416015626,-40.556251525878906,-18.600000381469727,1.256250023841858
1711795440997458200,11.061458251953125,-40.80000305175781,-19.200000762939453,1.6125000715255737
1711795441017465000,11.081465087890624,-40.85625076293945,-19.80000114440918,1.8562500476837158
1711795441037464600,11.101464599609375,-41.75625228881836,-20.212501525878906,1.7437500953674316
1711795441057215500,11.121215576171876,-42.84375,-20.700000762939453,2.1000001430511475
1711795441077091000,11.141091064453125,-43.98750305175781,-20.943750381469727,2.1000001430511475
1711795441097033200,11.161033203125,-44.94375228881836,-21.48750114440918,2.2125000953674316
1711795441117013800,11.181013671875,-45.60000228881836,-21.412500381469727,2.512500047683716
1711795441137031400,11.201031494140626,-45.78750228881836,-21.787500381469727,2.4562501907348633
1711795441157044500,11.22104443359375,-45.48750305175781,-21.84375,2.700000047683716
1711795441177058300,11.241058349609375,-45.900001525878906,-21.543750762939453,2.887500047683716
1711795441197072600,11.26107275390625,-45.65625,-21.84375,3.187500238418579
1711795441217072600,11.28107275390625,-45.712501525878906,-21.712501525878906,3.3000001907348633
1711795441237042200,11.301042236328126,-45.95625305175781,-21.787500381469727,3.6000001430511475
1711795441257114600,11.321114501953126,-45.60000228881836,-22.14375114440918,3.4875001907348633
1711795441277251800,11.341251953125,-46.087501525878906,-22.556251525878906,3.356250047683716
1711795441297384400,11.361384521484375,-46.01250076293945,-22.443750381469727,3.4875001907348633
1711795441317564700,11.381564697265626,-46.01250076293945,-22.387500762939453,3.1125001907348633
1711795441337624800,11.401624755859375,-45.95625305175781,-22.3125,3.187500238418579
1711795441357384700,11.421384765625,-45.48750305175781,-22.012500762939453,3.187500238418579
1711795441377166300,11.441166259765625,-44.75625228881836,-22.087501525878906,3
1711795441397297700,11.461297607421875,-44.28750228881836,-22.256250381469727,3.187500238418579
1711795441417313800,11.481313720703126,-43.80000305175781,-22.556251525878906,2.9437501430511475
1711795441437315300,11.5013154296875,-43.80000305175781,-23.043750762939453,3
1711795441457540400,11.521540283203125,-44.15625,-22.98750114440918,2.6437501907348633
1711795441477646800,11.541646728515625,-44.45625305175781,-23.15625,2.6437501907348633
1711795441497335600,11.56133544921875,-44.8125,-23.043750762939453,2.8125
1711795441517121500,11.58112158203125,-44.88750076293945,-22.80000114440918,2.6437501907348633
1711795441537238300,11.60123828125,-44.88750076293945,-22.80000114440918,3.2437500953674316
1711795441557499400,11.62149951171875,-44.75625228881836,-22.6875,3.0562500953674316
1711795441577738800,11.64173876953125,-44.45625305175781,-22.6875,2.887500047683716
1711795441597769200,11.661769287109376,-44.10000228881836,-22.743751525878906,3
1711795441617659400,11.681659423828124,-44.212501525878906,-22.6875,2.6437501907348633
1711795441637280500,11.701280517578125,-43.91250228881836,-22.61250114440918,2.700000047683716
1711795441657080000,11.721080078125,-44.04375076293945,-22.556251525878906,2.7562501430511475
1711795441677170000,11.741169921875,-44.10000228881836,-22.443750381469727,2.7562501430511475
1711795441697470200,11.76147021484375,-43.61250305175781,-22.98750114440918,3.1125001907348633
1711795441717637600,11.7816376953125,-43.98750305175781,-22.912500381469727,3.3000001907348633
1711795441737716000,11.801716064453124,-43.61250305175781,-23.212501525878906,3.7125000953674316
1711795441757606000,11.82160595703125,-43.25625228881836,-23.287500381469727,3.7125000953674316
1711795441777312300,11.841312255859375,-42.95625305175781,-22.98750114440918,3.7875001430511475
1711795441797079800,11.861079833984375,-42.60000228881836,-22.80000114440918,4.256250381469727
1711795441817176000,11.881176025390625,-42.712501525878906,-22.14375114440918,4.143750190734863
1711795441837465300,11.90146533203125,-42.712501525878906,-21.900001525878906,4.5
1711795441857645600,11.9216455078125,-43.01250076293945,-21.84375,4.443750381469727
1711795441877721900,11.941721923828124,-42.900001525878906,-21.84375,3.9000000953674316
1711795441897559800,11.961559814453125,-43.01250076293945,-22.3125,3.6000001430511475
1711795441917259800,11.981259765625,-43.556251525878906,-22.443750381469727,3.0562500953674316
1711795441937368300,12.001368408203126,-43.556251525878906,-22.3125,2.9437501430511475
1711795441957339000,12.0213388671875,-43.6875,-22.443750381469727,3
1711795441977548500,12.041548583984374,-43.6875,-22.200000762939453,2.9437501430511475
1711795441997659600,12.06165966796875,-43.14375305175781,-22.256250381469727,3
1711795442017709600,12.08170947265625,-42.65625,-22.443750381469727,2.8125
1711795442037470700,12.101470703125,-42.65625,-22.387500762939453,2.700000047683716
1711795442057189000,12.121189208984376,-42.1875,-22.5,2.9437501430511475
1711795442077309700,12.141309814453125,-42.712501525878906,-22.556251525878906,2.7562501430511475
1711795442097538600,12.16153857421875,-43.25625228881836,-22.200000762939453,3.1125001907348633
1711795442117667300,12.181667236328124,-43.6875,-22.3125,3
1711795442137726700,12.201726806640625,-43.44375228881836,-22.256250381469727,2.887500047683716
1711795442157617000,12.221616943359376,-43.14375305175781,-22.200000762939453,3.187500238418579
1711795442177359400,12.241359375,-43.14375305175781,-22.5,3.0562500953674316
1711795442197109000,12.26110888671875,-42.78750228881836,-22.61250114440918,2.4000000953674316
1711795442217252000,12.281252197265625,-42.900001525878906,-22.61250114440918,2.512500047683716
1711795442237515800,12.301515869140625,-43.087501525878906,-22.6875,2.2125000953674316
1711795442257665800,12.321665771484374,-42.712501525878906,-22.556251525878906,2.2875001430511475
1711795442277499600,12.341499755859376,-42.78750228881836,-22.743751525878906,2.2875001430511475
1711795442297610200,12.3616103515625,-42.54375076293945,-22.743751525878906,2.1000001430511475
1711795442317424400,12.38142431640625,-42.1875,-22.443750381469727,1.7437500953674316
1711795442337134800,12.401134765625,-42.35625076293945,-22.3125,1.6125000715255737
1711795442357494500,12.42149462890625,-42.056251525878906,-21.84375,1.6875001192092896
1711795442377465000,12.441465087890625,-42.11250305175781,-21.712501525878906,1.5562500953674316
1711795442397620200,12.4616201171875,-42.41250228881836,-21.900001525878906,1.8562500476837158
1711795442417701600,12.48170166015625,-42.41250228881836,-21.787500381469727,2.15625
1711795442437689900,12.50168994140625,-42.65625,-22.087501525878906,1.9875000715255737
1711795442457384700,12.521384765625,-42.78750228881836,-22.012500762939453,1.912500023841858
1711795442477141500,12.5411416015625,-42.35625076293945,-22.443750381469727,1.7437500953674316
1711795442497021400,12.561021484375,-42.35625076293945,-22.98750114440918,1.5562500953674316
1711795442517382400,12.58138232421875,-42.243751525878906,-23.400001525878906,1.6125000715255737
1711795442537604900,12.60160498046875,-42.1875,-23.943750381469727,1.6125000715255737
1711795442557706200,12.621706298828125,-42.48750305175781,-23.756250381469727,1.3125
1711795442577683700,12.64168359375,-42.243751525878906,-23.887500762939453,1.1437500715255737
1711795442597339400,12.66133935546875,-42,-23.64375114440918,0.9000000357627869
1711795442617112600,12.681112548828125,-41.8125,-23.512500762939453,0.7875000238418579
1711795442637485800,12.70148583984375,-41.8125,-23.287500381469727,1.0125000476837158
1711795442657636900,12.721636962890624,-41.75625228881836,-22.98750114440918,1.5
1711795442677709300,12.741709228515624,-41.88750076293945,-23.15625,1.9875000715255737
1711795442697735000,12.76173486328125,-41.51250076293945,-23.400001525878906,2.4000000953674316
1711795442717624800,12.781624755859376,-40.85625076293945,-23.64375114440918,2.5875000953674316
1711795442737261600,12.801261474609374,-40.80000305175781,-23.587501525878906,2.5875000953674316
1711795442757072000,12.82107177734375,-40.20000076293945,-23.34375,2.34375
1711795442777403100,12.841403076171876,-39.95625305175781,-23.34375,2.2875001430511475
1711795442797594000,12.861593994140625,-39.78750228881836,-22.98750114440918,2.2875001430511475
1711795442817694700,12.88169482421875,-39.243751525878906,-22.80000114440918,2.34375
1711795442837724700,12.901724609375,-39,-22.80000114440918,2.2125000953674316
1711795442857601000,12.92160107421875,-39.056251525878906,-22.012500762939453,2.2875001430511475
1711795442877304300,12.94130419921875,-39.1875,-21.95625114440918,2.512500047683716
1711795442897071000,12.961071044921875,-39.243751525878906,-21.48750114440918,2.5875000953674316
1711795442917001000,12.9810009765625,-39.60000228881836,-21.243751525878906,2.9437501430511475
1711795442937380400,13.00138037109375,-39.65625,-21.11250114440918,2.887500047683716
1711795442957608400,13.0216083984375,-39.65625,-20.756250381469727,2.887500047683716
1711795442977721300,13.041721435546876,-39.712501525878906,-20.700000762939453,2.9437501430511475
1711795442997575400,13.061575439453126,-39.65625,-20.287500381469727,2.8125
1711795443017279500,13.081279541015626,-39.54375076293945,-19.856250762939453,3.2437500953674316
1711795443037397500,13.1013974609375,-39.11250305175781,-20.15625,3.356250047683716
1711795443057574400,13.121574462890624,-39,-20.287500381469727,3.4875001907348633
1711795443077447700,13.14144775390625,-38.8125,-20.45625114440918,3.4875001907348633
1711795443097589800,13.16158984375,-39,-20.512500762939453,3.4875001907348633
1711795443117662500,13.181662353515625,-39,-20.287500381469727,3.7875001430511475
1711795443137451800,13.20145166015625,-38.94375228881836,-20.287500381469727,3.9000000953674316
1711795443157187800,13.221187744140625,-38.88750076293945,-20.34375,3.7875001430511475
1711795443177317400,13.2413173828125,-38.45625305175781,-20.64375114440918,3.9000000953674316
1711795443197377500,13.26137744140625,-38.34375,-20.887500762939453,3.7125000953674316
1711795443217583600,13.28158349609375,-38.212501525878906,-21.48750114440918,3.843750238418579
1711795443237691000,13.30169091796875,-38.28750228881836,-21.543750762939453,4.012500286102295
1711795443257734400,13.321734375,-38.51250076293945,-21.65625,3.7875001430511475
1711795443277441300,13.341441162109374,-38.64375305175781,-21.84375,3.7125000953674316
1711795443297156900,13.361156982421875,-39.1875,-21.65625,3.7125000953674316
1711795443317287200,13.381287109375,-39.30000305175781,-21.65625,3.7875001430511475
1711795443337351700,13.4013515625,-39.11250305175781,-21.30000114440918,3.9562501907348633
1711795443357570600,13.421570556640624,-39.35625076293945,-21.056251525878906,4.200000286102295
1711795443377687800,13.441687744140625,-39.243751525878906,-20.887500762939453,4.256250381469727
1711795443397734100,13.461734130859375,-39.41250228881836,-21.056251525878906,4.087500095367432
1711795443417493000,13.481492919921875,-39.712501525878906,-21.48750114440918,4.256250381469727
1711795443437165600,13.50116552734375,-39.65625,-21.48750114440918,4.256250381469727
1711795443457503700,13.521503662109374,-40.01250076293945,-21.48750114440918,4.012500286102295
1711795443477636900,13.541636962890625,-39.95625305175781,-21.412500381469727,4.012500286102295
1711795443497695200,13.5616953125,-40.087501525878906,-21.543750762939453,3.656250238418579
1711795443517543200,13.581543212890624,-40.20000076293945,-21.48750114440918,3.543750047683716
1711795443537597700,13.60159765625,-39.900001525878906,-21.65625,3.7125000953674316
1711795443557343700,13.62134375,-40.25625228881836,-21.95625114440918,3.7125000953674316
1711795443577132500,13.641132568359374,-40.5,-21.900001525878906,3.6000001430511475
1711795443597029000,13.661029052734374,-40.6875,-22.256250381469727,3.187500238418579
1711795443617396200,13.681396240234376,-41.10000228881836,-22.256250381469727,3.0562500953674316
1711795443637619200,13.701619140625,-40.85625076293945,-22.200000762939453,3
1711795443657719000,13.721718994140625,-41.10000228881836,-22.556251525878906,3.2437500953674316
1711795443677811700,13.741811767578126,-41.10000228881836,-22.3125,3.356250047683716
1711795443697412900,13.761412841796876,-41.28750228881836,-22.387500762939453,3.356250047683716
1711795443717158700,13.78115869140625,-41.64375305175781,-22.200000762939453,3.2437500953674316
1711795443737481700,13.801481689453125,-41.75625228881836,-21.65625,2.7562501430511475
1711795443757629000,13.82162890625,-41.88750076293945,-21.84375,2.5875000953674316
1711795443777694700,13.84169482421875,-42.1875,-21.95625114440918,2.4562501907348633
1711795443797717200,13.86171728515625,-42,-21.712501525878906,2.4562501907348633
1711795443817618400,13.881618408203124,-41.8125,-21.900001525878906,2.4000000953674316
1711795443837260500,13.901260498046875,-42,-21.48750114440918,2.700000047683716
1711795443857067800,13.92106787109375,-41.88750076293945,-21.356250762939453,2.7562501430511475
1711795443877225500,13.9412255859375,-41.94375228881836,-21.356250762939453,2.700000047683716
1711795443897101300,13.961101318359376,-42.056251525878906,-21.243751525878906,2.887500047683716
1711795443917273000,13.981273193359375,-42.243751525878906,-21.543750762939453,2.5875000953674316
1711795443937550300,14.00155029296875,-42.48750305175781,-21.243751525878906,2.4000000953674316
1711795443957661700,14.02166162109375,-42.48750305175781,-21.1875,2.700000047683716
1711795443977378300,14.04137841796875,-42.30000305175781,-21.1875,2.512500047683716
1711795443997140500,14.061140380859374,-42.30000305175781,-21.1875,2.7562501430511475
1711795444017433900,14.081433837890625,-42.056251525878906,-21.11250114440918,2.887500047683716
1711795444037444600,14.101444580078125,-42,-20.756250381469727,2.6437501907348633
1711795444057613000,14.121613037109375,-42.11250305175781,-20.34375,2.9437501430511475
1711795444077697000,14.141697021484376,-42.1875,-20.100000381469727,2.7562501430511475
1711795444097545200,14.161545166015625,-42.35625076293945,-19.556251525878906,2.6437501907348633
1711795444117261600,14.181261474609375,-42.78750228881836,-19.443750381469727,2.6437501907348633
1711795444137088000,14.201087890625,-42.84375,-19.5,2.6437501907348633
1711795444157182200,14.22118212890625,-42.84375,-19.256250381469727,2.887500047683716
1711795444177478100,14.24147802734375,-43.01250076293945,-19.5,3.0562500953674316
1711795444197651200,14.261651123046875,-42.84375,-19.80000114440918,3.187500238418579
1711795444217550600,14.281550537109375,-42.900001525878906,-19.856250762939453,3.1125001907348633
1711795444237411800,14.301411865234375,-43.087501525878906,-19.80000114440918,3.1125001907348633
1711795444257178400,14.321178466796875,-43.087501525878906,-19.80000114440918,3
1711795444277332700,14.341332763671875,-43.14375305175781,-19.743751525878906,3
1711795444297388000,14.361387939453126,-43.14375305175781,-19.61250114440918,3.0562500953674316
1711795444317426200,14.38142626953125,-42.95625305175781,-19.61250114440918,2.8125
1711795444337440000,14.40143994140625,-43.20000076293945,-19.743751525878906,3
1711795444357615400,14.421615478515625,-42.84375,-19.912500381469727,3.2437500953674316
1711795444377412900,14.441412841796875,-43.20000076293945,-20.100000381469727,3.356250047683716
1711795444397173200,14.46117333984375,-43.01250076293945,-20.400001525878906,3.543750047683716
1711795444417062000,14.481061767578124,-42.712501525878906,-20.400001525878906,3.6000001430511475
1711795444437410800,14.501410888671876,-43.087501525878906,-20.587501525878906,3.4125001430511475
1711795444457619000,14.521618896484375,-42.84375,-20.45625114440918,3.7125000953674316
1711795444477497300,14.541497314453125,-43.14375305175781,-20.45625114440918,3.6000001430511475
1711795444497665800,14.561665771484375,-43.3125,-20.34375,3.7875001430511475
1711795444517339000,14.5813388671875,-43.44375228881836,-20.212501525878906,3.843750238418579
1711795444537100500,14.6011005859375,-43.5,-19.98750114440918,3.7875001430511475
1711795444557492200,14.6214921875,-43.25625228881836,-19.912500381469727,3.9562501907348633
1711795444577468000,14.641468017578125,-43.38750076293945,-19.80000114440918,3.9000000953674316
1711795444597625600,14.66162548828125,-43.556251525878906,-19.743751525878906,3.7875001430511475
1711795444617822000,14.681822021484376,-43.556251525878906,-19.387500762939453,3.543750047683716
1711795444637766100,14.70176611328125,-43.85625076293945,-19.087501525878906,3.7125000953674316
1711795444657427500,14.721427490234374,-43.5,-19.087501525878906,3.843750238418579
1711795444677154300,14.741154296875,-43.25625228881836,-19.256250381469727,3.9562501907348633
1711795444697251600,14.76125146484375,-43.14375305175781,-19.3125,4.256250381469727
1711795444717504300,14.781504150390624,-42.900001525878906,-19.3125,4.256250381469727
1711795444737650200,14.801650146484375,-43.25625228881836,-19.556251525878906,4.200000286102295
1711795444757719300,14.82171923828125,-43.25625228881836,-19.200000762939453,4.200000286102295
1711795444777675000,14.841675048828124,-43.25625228881836,-19.387500762939453,4.556250095367432
1711795444797333000,14.8613330078125,-43.38750076293945,-19.443750381469727,4.743750095367432
1711795444817111300,14.881111328125,-43.38750076293945,-19.200000762939453,5.100000381469727
1711795444837428000,14.901427978515626,-43.556251525878906,-19.5,5.34375
1711795444857667800,14.921667724609375,-43.98750305175781,-19.3125,4.987500190734863
1711795444877726200,14.941726318359375,-44.15625,-19.61250114440918,4.800000190734863
1711795444897739500,14.961739501953126,-44.212501525878906,-20.100000381469727,4.556250095367432
1711795444917632800,14.9816328125,-44.04375076293945,-20.45625114440918,4.443750381469727
1711795444937263600,15.001263671875,-43.743751525878906,-21.1875,4.556250095367432
1711795444957059800,15.021059814453125,-43.85625076293945,-21.356250762939453,4.800000190734863
1711795444977395200,15.041395263671875,-43.5,-21.712501525878906,4.800000190734863
1711795444997418000,15.06141796875,-43.80000305175781,-21.712501525878906,4.743750095367432
1711795445017604600,15.0816044921875,-43.61250305175781,-21.900001525878906,4.800000190734863
1711795445037701400,15.101701416015626,-43.25625228881836,-22.6875,4.6875
1711795445057604600,15.1216044921875,-43.3125,-22.80000114440918,4.556250095367432
1711795445077315000,15.141315185546874,-43.01250076293945,-23.400001525878906,4.556250095367432
1711795445097419300,15.161419189453126,-43.556251525878906,-23.400001525878906,4.743750095367432
1711795445117589000,15.181589111328124,-43.5,-22.912500381469727,4.743750095367432
1711795445137512700,15.2015126953125,-43.80000305175781,-23.15625,4.743750095367432
1711795445157631000,15.221630859375,-43.6875,-23.043750762939453,5.043750286102295
1711795445177691600,15.241691650390624,-43.91250228881836,-23.212501525878906,4.6875
1711795445197533700,15.26153369140625,-44.15625,-23.287500381469727,4.800000190734863
1711795445217240800,15.28124072265625,-44.212501525878906,-23.100000381469727,4.856250286102295
1711795445237379600,15.301379638671875,-44.64375305175781,-22.98750114440918,4.612500190734863
1711795445257348600,15.3213486328125,-44.10000228881836,-22.743751525878906,4.6875
1711795445277321700,15.34132177734375,-44.34375,-22.912500381469727,4.6875
1711795445297533000,15.361532958984375,-44.64375305175781,-22.80000114440918,4.6875
1711795445317657000,15.381656982421875,-44.64375305175781,-23.043750762939453,4.556250095367432
1711795445337471700,15.4014716796875,-45.056251525878906,-23.043750762939453,4.387500286102295
1711795445357195800,15.42119580078125,-44.88750076293945,-22.743751525878906,4.012500286102295
1711795445377325000,15.441324951171875,-45.1875,-22.6875,3.843750238418579
1711795445397552400,15.461552490234375,-45.1875,-22.012500762939453,4.3125
1711795445417680000,15.481679931640626,-45.056251525878906,-21.787500381469727,4.443750381469727
1711795445437725700,15.5017255859375,-45.60000228881836,-21.48750114440918,4.556250095367432
1711795445457733600,15.521733642578125,-45.11250305175781,-21.412500381469727,4.612500190734863
1711795445477436000,15.541435791015624,-45.30000305175781,-21.30000114440918,4.443750381469727
1711795445497154000,15.561154052734375,-45.65625,-21.30000114440918,4.3125
1711795445517256000,15.581255859375,-45.712501525878906,-21.056251525878906,4.556250095367432
1711795445537511200,15.60151123046875,-46.01250076293945,-20.64375114440918,4.612500190734863
1711795445557649700,15.621649658203125,-46.20000076293945,-20.45625114440918,4.912500381469727
1711795445577712000,15.641712158203125,-46.3125,-20.587501525878906,4.856250286102295
1711795445597731600,15.661731689453125,-46.6875,-20.587501525878906,5.043750286102295
1711795445617400800,15.68140087890625,-46.80000305175781,-20.45625114440918,4.912500381469727
1711795445637116400,15.701116455078125,-46.44375228881836,-20.64375114440918,4.256250381469727
1711795445657255000,15.7212548828125,-46.556251525878906,-20.34375,4.3125
1711795445677500000,15.7415,-45.78750228881836,-20.45625114440918,4.200000286102295
1711795445697647400,15.7616474609375,-45.900001525878906,-20.45625114440918,4.5
1711795445717709000,15.781708984375,-46.38750076293945,-20.587501525878906,4.443750381469727
1711795445737704700,15.80170458984375,-46.44375228881836,-20.400001525878906,4.443750381469727
1711795445757403100,15.821403076171874,-46.85625076293945,-20.100000381469727,4.5
1711795445777154300,15.841154296875,-46.85625076293945,-19.80000114440918,4.800000190734863
1711795445797482500,15.861482421875,-46.85625076293945,-19.98750114440918,4.800000190734863
1711795445817627100,15.881627197265624,-46.91250228881836,-20.212501525878906,4.743750095367432
1711795445837674800,15.9016748046875,-46.80000305175781,-20.587501525878906,4.612500190734863
1711795445857704400,15.921704345703125,-47.15625,-20.8125,4.087500095367432
1711795445877645000,15.94164501953125,-47.04375076293945,-21.056251525878906,4.3125
1711795445897312800,15.961312744140624,-46.80000305175781,-21.1875,4.256250381469727
1711795445917101600,15.9811015625,-46.80000305175781,-21.243751525878906,4.143750190734863
1711795445937426400,16.001426513671873,-46.3125,-21.712501525878906,4.256250381469727
1711795445957604400,16.021604248046874,-46.743751525878906,-21.65625,4.087500095367432
1711795445977698300,16.0416982421875,-47.212501525878906,-21.65625,3.843750238418579
1711795445997725700,16.0617255859375,-47.34375,-21.95625114440918,4.012500286102295
1711795446017644000,16.08164404296875,-47.51250076293945,-22.14375114440918,3.543750047683716
1711795446037277700,16.101277587890625,-47.28750228881836,-22.200000762939453,3.656250238418579
1711795446057073200,16.1210732421875,-47.15625,-22.012500762939453,3.843750238418579
1711795446077386500,16.141386474609376,-47.212501525878906,-22.087501525878906,2.887500047683716
1711795446097588200,16.161588134765626,-47.212501525878906,-22.012500762939453,3.2437500953674316
1711795446117685200,16.181685302734376,-47.10000228881836,-22.14375114440918,3.0562500953674316
1711795446137732900,16.20173291015625,-47.212501525878906,-22.200000762939453,2.9437501430511475
1711795446157610200,16.2216103515625,-47.212501525878906,-21.787500381469727,3.7125000953674316
1711795446177310500,16.241310546875,-47.28750228881836,-21.787500381469727,3.656250238418579
1711795446197402000,16.261402099609374,-47.34375,-21.356250762939453,3.9562501907348633
1711795446217570600,16.281570556640624,-47.15625,-21.30000114440918,4.143750190734863
1711795446237666000,16.301666015625,-47.10000228881836,-21.543750762939453,3.9562501907348633
1711795446257711400,16.32171142578125,-46.91250228881836,-21.412500381469727,3.7875001430511475
1711795446277715500,16.341715576171875,-46.85625076293945,-21.65625,3.6000001430511475
1711795446297525000,16.36152490234375,-46.80000305175781,-21.543750762939453,3.7125000953674316
1711795446317229300,16.381229248046875,-47.15625,-21.600000381469727,3.843750238418579
1711795446337348900,16.401348876953126,-47.34375,-21.600000381469727,4.143750190734863
1711795446357545500,16.42154541015625,-47.34375,-21.356250762939453,4.200000286102295
1711795446377660200,16.44166015625,-47.587501525878906,-21.712501525878906,4.012500286102295
1711795446397712600,16.461712646484376,-47.587501525878906,-21.787500381469727,3.9000000953674316
1711795446417729800,16.481729736328123,-47.94375228881836,-21.900001525878906,3.843750238418579
1711795446437484800,16.50148486328125,-47.8125,-21.95625114440918,3.843750238418579
1711795446457183200,16.521183349609377,-47.400001525878906,-22.012500762939453,4.256250381469727
1711795446477038800,16.541038818359375,-47.587501525878906,-22.200000762939453,4.387500286102295
1711795446497379600,16.561379638671873,-47.45625305175781,-22.200000762939453,4.5
1711795446517591800,16.581591796875,-47.64375305175781,-22.256250381469727,4.743750095367432
1711795446537702000,16.601701904296874,-47.8125,-22.5,4.443750381469727
1711795446557734100,16.621734130859377,-47.8125,-22.6875,4.200000286102295
1711795446577450200,16.6414501953125,-47.8125,-22.80000114440918,4.256250381469727
1711795446597173500,16.661173583984375,-47.587501525878906,-23.287500381469727,4.256250381469727
1711795446617285000,16.68128515625,-47.587501525878906,-23.287500381469727,4.200000286102295
1711795446637532000,16.701531982421876,-47.64375305175781,-23.34375,4.443750381469727
1711795446657663200,16.721663330078126,-47.75625228881836,-23.34375,4.256250381469727
1711795446677721000,16.74172119140625,-47.64375305175781,-23.512500762939453,4.143750190734863
1711795446697738000,16.761738037109374,-47.8125,-24.243751525878906,4.256250381469727
1711795446717474300,16.781474365234374,-47.64375305175781,-24.787500381469727,4.256250381469727
1711795446737151000,16.80115087890625,-47.51250076293945,-25.500001907348633,4.087500095367432
1711795446757496000,16.82149609375,-47.8125,-25.61250114440918,4.256250381469727
1711795446777624000,16.8416240234375,-47.45625305175781,-25.443750381469727,4.256250381469727
1711795446797689300,16.861689453125,-47.64375305175781,-25.500001907348633,4.387500286102295
1711795446817716000,16.881716064453126,-47.64375305175781,-25.743751525878906,4.143750190734863
1711795446837688600,16.9016884765625,-47.212501525878906,-25.98750114440918,3.843750238418579
1711795446857334000,16.921333984375,-47.51250076293945,-26.287500381469727,3.9562501907348633
1711795446877102300,16.941102294921876,-47.45625305175781,-26.400001525878906,4.087500095367432
1711795446897468400,16.961468505859376,-47.587501525878906,-26.400001525878906,4.387500286102295
1711795446917628000,16.9816279296875,-47.75625228881836,-26.45625114440918,4.800000190734863
1711795446937699600,17.001699462890624,-47.64375305175781,-26.45625114440918,4.6875
1711795446957724400,17.021724365234373,-47.587501525878906,-26.45625114440918,4.5
1711795446977659400,17.041659423828126,-47.28750228881836,-26.700000762939453,4.856250286102295
1711795446997323000,17.061322998046876,-47.10000228881836,-26.887500762939453,4.612500190734863
1711795447017090300,17.08109033203125,-47.28750228881836,-27.056251525878906,4.5
1711795447037422300,17.10142236328125,-47.400001525878906,-27.000001907348633,4.143750190734863
1711795447057597200,17.12159716796875,-47.70000076293945,-26.943750381469727,3.6000001430511475
1711795447077687300,17.141687255859374,-48.056251525878906,-26.587501525878906,3.543750047683716
1711795447097724200,17.16172412109375,-47.8125,-26.212501525878906,3.4875001907348633
1711795447117631000,17.181630859375,-47.70000076293945,-25.912500381469727,3.6000001430511475
1711795447137265000,17.201264892578124,-47.88750076293945,-25.312501907348633,3.7875001430511475
1711795447157071600,17.221071533203126,-48,-25.387500762939453,3.9000000953674316
1711795447177400000,17.241400146484374,-48.35625076293945,-25.556251525878906,3.9000000953674316
1711795447197600500,17.2616005859375,-48.243751525878906,-25.256250381469727,4.143750190734863
1711795447217695200,17.2816953125,-48.30000305175781,-25.387500762939453,4.143750190734863
1711795447237729800,17.301729736328124,-47.8125,-25.500001907348633,4.143750190734863
1711795447257610200,17.3216103515625,-47.587501525878906,-25.500001907348633,4.3125
1711795447277252600,17.341252685546873,-47.51250076293945,-25.687501907348633,4.143750190734863
1711795447297365200,17.361365234375,-47.28750228881836,-25.98750114440918,4.3125
1711795447317559800,17.381559814453126,-47.45625305175781,-25.856250762939453,4.256250381469727
1711795447337661200,17.4016611328125,-47.45625305175781,-25.743751525878906,4.387500286102295
1711795447357706000,17.4217060546875,-47.70000076293945,-25.98750114440918,4.556250095367432
1711795447377719600,17.441719482421874,-47.400001525878906,-25.80000114440918,4.612500190734863
1711795447397533200,17.461533203125,-47.70000076293945,-25.80000114440918,4.743750095367432
1711795447417238800,17.48123876953125,-47.45625305175781,-26.043750762939453,4.856250286102295
1711795447437358000,17.501358154296874,-47.28750228881836,-26.156251907348633,4.800000190734863
1711795447457553700,17.5215537109375,-47.28750228881836,-26.400001525878906,4.987500190734863
1711795447477667600,17.54166748046875,-46.6875,-26.756250381469727,4.912500381469727
1711795447497710600,17.561710693359377,-46.80000305175781,-26.812501907348633,5.100000381469727
1711795447517720300,17.58172021484375,-46.556251525878906,-26.887500762939453,5.400000095367432
1711795447537482800,17.601482666015624,-46.44375228881836,-26.64375114440918,5.456250190734863
1711795447557186600,17.6211865234375,-46.6875,-26.287500381469727,5.512500286102295
1711795447577302500,17.641302490234374,-46.3125,-26.156251907348633,5.587500095367432
1711795447597531000,17.66153076171875,-45.95625305175781,-25.856250762939453,5.34375
1711795447617661400,17.681661376953127,-45.712501525878906,-26.156251907348633,5.287500381469727
1711795447637723000,17.701722900390624,-45.54375076293945,-26.512500762939453,5.400000095367432
1711795447657732000,17.721732177734374,-45.243751525878906,-26.943750381469727,5.212500095367432
1711795447677441000,17.74144091796875,-45.056251525878906,-27.30000114440918,5.15625
1711795447697145600,17.7611455078125,-45,-27.600000381469727,5.587500095367432
1711795447717250600,17.78125048828125,-44.88750076293945,-27.787500381469727,5.512500286102295
1711795447737506000,17.801506103515624,-44.94375228881836,-27.600000381469727,5.756250381469727
1711795447757655300,17.8216552734375,-45.11250305175781,-27.48750114440918,5.887500286102295
1711795447777715500,17.841715576171875,-45,-27.48750114440918,5.943750381469727
1711795447797730300,17.861730224609374,-44.94375228881836,-27.30000114440918,6.112500190734863
1711795447817476000,17.88147607421875,-44.70000076293945,-27.243751525878906,6.243750095367432
1711795447837157600,17.90115771484375,-44.400001525878906,-27.30000114440918,6.187500476837158
1711795447857504500,17.92150439453125,-44.212501525878906,-27.000001907348633,6.356250286102295
1711795447877723400,17.941723388671875,-44.45625305175781,-27.056251525878906,6.300000190734863
1711795447897742600,17.96174267578125,-44.45625305175781,-27.243751525878906,6.187500476837158
1711795447917851000,17.981850830078123,-44.587501525878906,-27.30000114440918,5.943750381469727
1711795447937758000,18.001758056640625,-44.70000076293945,-27.48750114440918,5.943750381469727
1711795447957416400,18.02141650390625,-44.28750228881836,-27.48750114440918,6.112500190734863
1711795447977130200,18.041130126953124,-44.45625305175781,-27.356250762939453,5.943750381469727
1711795447997465600,18.061465576171877,-44.45625305175781,-27.600000381469727,6
1711795448017609200,18.081609130859373,-44.10000228881836,-27.656251907348633,6.056250095367432
1711795448037687600,18.1016875,-44.212501525878906,-27.656251907348633,5.756250381469727
1711795448057710800,18.1217109375,-44.15625,-27.787500381469727,5.887500286102295
1711795448077655300,18.1416552734375,-44.04375076293945,-27.900001525878906,6.112500190734863
1711795448097325600,18.16132568359375,-44.34375,-27.95625114440918,6.187500476837158
1711795448117095400,18.181095458984377,-44.28750228881836,-28.012500762939453,6.243750095367432
1711795448137429500,18.201429443359373,-44.10000228881836,-27.900001525878906,6.187500476837158
1711795448157695000,18.221695068359374,-44.04375076293945,-28.14375114440918,6.056250095367432
1711795448177740000,18.241739990234375,-43.743751525878906,-28.087501525878906,5.700000286102295
1711795448197718500,18.261718505859374,-43.80000305175781,-28.200000762939453,5.756250381469727
1711795448217621800,18.281621826171875,-43.80000305175781,-28.500001907348633,5.587500095367432
1711795448237258000,18.301258056640624,-43.61250305175781,-28.443750381469727,5.756250381469727
1711795448257103600,18.321103515625,-43.6875,-28.80000114440918,5.756250381469727
1711795448277418800,18.341418701171875,-43.743751525878906,-28.912500381469727,5.587500095367432
1711795448297377800,18.361377685546874,-43.91250228881836,-29.343751907348633,5.587500095367432
1711795448317570600,18.381570556640625,-44.15625,-29.45625114440918,5.587500095367432
1711795448337668900,18.4016689453125,-43.80000305175781,-29.512500762939453,5.456250190734863
1711795448357597200,18.42159716796875,-43.6875,-29.45625114440918,5.700000286102295
1711795448377263400,18.441263427734373,-43.3125,-29.043750762939453,6.112500190734863
1711795448397060600,18.461060546875,-43.3125,-28.80000114440918,5.8125
1711795448417397800,18.481397705078123,-43.44375228881836,-28.80000114440918,6.056250095367432
1711795448437598700,18.5015986328125,-43.25625228881836,-29.043750762939453,6.112500190734863
1711795448457700400,18.521700439453124,-43.087501525878906,-29.343751907348633,5.756250381469727
1711795448477812500,18.5418125,-43.01250076293945,-29.587501525878906,5.756250381469727
1711795448497600500,18.5616005859375,-43.087501525878906,-29.700000762939453,5.887500286102295
1711795448517280500,18.581280517578126,-43.3125,-30.243751525878906,5.643750190734863
1711795448537391900,18.601391845703127,-43.44375228881836,-30.243751525878906,5.587500095367432
1711795448557562000,18.62156201171875,-43.5,-30.412500381469727,5.700000286102295
1711795448577575000,18.641574951171876,-43.3125,-30.356250762939453,5.756250381469727
1711795448597659000,18.661658935546875,-42.84375,-30.356250762939453,5.700000286102295
1711795448617691000,18.68169091796875,-42.54375076293945,-30.600000381469727,6.112500190734863
1711795448637545500,18.70154541015625,-42.54375076293945,-30.600000381469727,6.243750095367432
1711795448657227300,18.721227294921874,-42.41250228881836,-30.95625114440918,6.487500190734863
1711795448677057000,18.74105712890625,-42.712501525878906,-31.256250381469727,6.356250286102295
1711795448697392400,18.761392333984375,-43.01250076293945,-31.500001907348633,5.887500286102295
1711795448717593600,18.781593505859377,-42.54375076293945,-31.14375114440918,5.943750381469727
1711795448737696000,18.801696044921876,-42.54375076293945,-31.087501525878906,5.756250381469727
1711795448757736700,18.82173681640625,-42.65625,-30.843751907348633,5.700000286102295
1711795448777449200,18.84144921875,-42.65625,-30.656251907348633,5.643750190734863
1711795448797160700,18.86116064453125,-42.65625,-30.843751907348633,5.400000095367432
1711795448817267200,18.88126708984375,-42.54375076293945,-30.787500381469727,5.34375
1711795448837511200,18.90151123046875,-42.11250305175781,-30.600000381469727,4.987500190734863
1711795448857622300,18.921622314453124,-42.11250305175781,-30.843751907348633,4.856250286102295
1711795448877700000,18.9417001953125,-42.11250305175781,-31.012500762939453,4.6875
1711795448897727700,18.961727783203123,-42.243751525878906,-30.95625114440918,4.5
1711795448917524500,18.9815244140625,-42.1875,-31.14375114440918,4.6875
1711795448937187300,19.001187255859374,-42.35625076293945,-31.012500762939453,4.387500286102295
1711795448957518000,19.02151806640625,-42.60000228881836,-30.900001525878906,4.256250381469727
1711795448977639200,19.04163916015625,-42.78750228881836,-30.95625114440918,4.443750381469727
1711795448997692200,19.061692138671877,-42.95625305175781,-30.843751907348633,4.087500095367432
1711795449017796900,19.081796875,-42.84375,-30.600000381469727,4.200000286102295
1711795449037734100,19.101734130859374,-42.84375,-30.543750762939453,4.087500095367432
1711795449057367300,19.1213671875,-42.900001525878906,-30.412500381469727,3.7125000953674316
1711795449077119500,19.141119384765624,-42.54375076293945,-30.48750114440918,3.9000000953674316
1711795449097469200,19.16146923828125,-42.1875,-30.600000381469727,3.9562501907348633
1711795449117627600,19.181627685546875,-41.94375228881836,-30.412500381469727,4.012500286102295
1711795449137703400,19.201703369140624,-42,-30.243751525878906,4.256250381469727
1711795449157723100,19.22172314453125,-42.243751525878906,-30.056251525878906,4.143750190734863
1711795449177665000,19.2416650390625,-42.243751525878906,-30.187501907348633,4.143750190734863
1711795449197324500,19.261324462890624,-42.1875,-30.656251907348633,4.200000286102295
1711795449217097500,19.281097412109375,-41.75625228881836,-31.200000762939453,3.9562501907348633
1711795449237470700,19.301470703125,-41.8125,-31.500001907348633,3.9000000953674316
1711795449257630500,19.32163037109375,-41.75625228881836,-31.200000762939453,3.843750238418579
1711795449277700900,19.341700927734376,-41.45625305175781,-30.95625114440918,3.9562501907348633
1711795449297723100,19.36172314453125,-41.45625305175781,-30.48750114440918,4.143750190734863
1711795449317634600,19.381634521484376,-41.10000228881836,-30.187501907348633,4.443750381469727
1711795449337326000,19.401326171875,-41.212501525878906,-30.48750114440918,4.612500190734863
1711795449357092400,19.42109228515625,-41.400001525878906,-30.543750762939453,4.443750381469727
1711795449377406000,19.441406005859374,-41.400001525878906,-30.900001525878906,4.012500286102295
1711795449397596400,19.461596435546873,-41.64375305175781,-31.14375114440918,3.7875001430511475
1711795449417697800,19.48169775390625,-41.70000076293945,-31.443750381469727,3.4875001907348633
1711795449437728800,19.501728759765626,-41.400001525878906,-31.743751525878906,3.4125001430511475
1711795449457617200,19.5216171875,-41.28750228881836,-31.856250762939453,3.656250238418579
1711795449477252600,19.541252685546876,-41.04375076293945,-32.212501525878906,3.7125000953674316
1711795449497372200,19.5613720703125,-40.6875,-32.212501525878906,3.7875001430511475
1711795449517336000,19.581336181640626,-40.44375228881836,-32.400001525878906,3.9000000953674316
1711795449537542700,19.601542724609374,-39.95625305175781,-32.34375,3.7875001430511475
1711795449557653800,19.62165380859375,-39.65625,-32.15625,3.543750047683716
1711795449577656600,19.641656494140626,-39.41250228881836,-32.212501525878906,3.4875001907348633
1711795449597522400,19.6615224609375,-39.30000305175781,-31.912500381469727,3.356250047683716
1711795449617246000,19.681245849609375,-39.48750305175781,-31.743751525878906,3.3000001907348633
1711795449637379000,19.701379150390625,-39.712501525878906,-31.687501907348633,3.0562500953674316
1711795449657569500,19.721569580078125,-39.41250228881836,-31.500001907348633,3.187500238418579
1711795449677674500,19.741674560546876,-39.48750305175781,-31.556251525878906,3.356250047683716
1711795449697722000,19.76172216796875,-39.243751525878906,-31.443750381469727,3.4875001907348633
1711795449717724700,19.781724609375,-39.41250228881836,-31.312501907348633,3.9562501907348633
1711795449737492200,19.8014921875,-39.35625076293945,-30.95625114440918,3.843750238418579
1711795449757187300,19.821187255859375,-39.41250228881836,-30.30000114440918,3.7125000953674316
1711795449777312000,19.84131201171875,-39.48750305175781,-30.243751525878906,3.543750047683716
1711795449797650200,19.861650146484376,-39.056251525878906,-29.943750381469727,3.2437500953674316
1711795449817726500,19.8817265625,-39.35625076293945,-29.943750381469727,3.3000001907348633
1711795449837738500,19.901738525390623,-39.41250228881836,-29.943750381469727,3.356250047683716
1711795449857792800,19.921792724609375,-39.78750228881836,-29.756250381469727,3.3000001907348633
1711795449877463600,19.941463623046875,-39.65625,-29.700000762939453,3.543750047683716
1711795449897155800,19.96115576171875,-39.243751525878906,-30.000001907348633,3.0562500953674316
1711795449917245700,19.98124560546875,-39.1875,-30.30000114440918,3.0562500953674316
1711795449937497000,20.0014970703125,-38.75625228881836,-30.543750762939453,3.356250047683716
1711795449957584600,20.021584716796873,-38.75625228881836,-30.656251907348633,3
1711795449977686300,20.041686279296876,-38.64375305175781,-30.787500381469727,3.0562500953674316
1711795449997719800,20.0617197265625,-38.70000076293945,-30.787500381469727,3.187500238418579
1711795450017404200,20.081404052734374,-38.400001525878906,-30.95625114440918,2.9437501430511475
1711795450037129200,20.101129150390626,-38.45625305175781,-30.95625114440918,3.356250047683716
1711795450057240800,20.12124072265625,-38.51250076293945,-31.14375114440918,3.3000001907348633
1711795450077503000,20.1415029296875,-38.212501525878906,-31.312501907348633,3.2437500953674316
1711795450097654800,20.16165478515625,-38.15625,-31.500001907348633,3.3000001907348633
1711795450117715000,20.18171484375,-38.587501525878906,-31.61250114440918,3
1711795450137718000,20.201718017578123,-38.75625228881836,-31.743751525878906,3
1711795450157428000,20.221427978515624,-39,-32.04375076293945,2.5875000953674316
1711795450177162000,20.241161865234375,-39.243751525878906,-32.10000228881836,2.043750047683716
1711795450197492200,20.2614921875,-39.11250305175781,-32.400001525878906,1.9875000715255737
1711795450217627100,20.281627197265625,-39.1875,-32.212501525878906,1.9875000715255737
1711795450237695000,20.301695068359376,-39.11250305175781,-32.212501525878906,2.2125000953674316
1711795450257721900,20.321721923828125,-38.94375228881836,-32.04375076293945,2.6437501907348633
1711795450277654000,20.341654052734373,-38.8125,-31.912500381469727,2.700000047683716
1711795450297322800,20.36132275390625,-38.400001525878906,-32.400001525878906,3
1711795450317101600,20.3811015625,-38.10000228881836,-32.10000228881836,3.1125001907348633
1711795450337438000,20.40143798828125,-38.51250076293945,-32.28750228881836,3
1711795450357604900,20.42160498046875,-38.51250076293945,-32.04375076293945,3.3000001907348633
1711795450377692700,20.441692626953124,-38.88750076293945,-31.98750114440918,3.0562500953674316
1711795450397726200,20.461726318359375,-39.35625076293945,-32.15625,2.9437501430511475
1711795450417642200,20.481642333984375,-38.88750076293945,-32.28750228881836,2.8125
1711795450437279200,20.501279296875,-38.51250076293945,-32.45625305175781,2.700000047683716
1711795450457069800,20.52106982421875,-38.04375076293945,-32.400001525878906,3
1711795450477409300,20.5414091796875,-37.61250305175781,-32.51250076293945,3.356250047683716
1711795450497596200,20.56159619140625,-37.6875,-32.51250076293945,3.843750238418579
1711795450517748500,20.58174853515625,-37.91250228881836,-32.75625228881836,3.843750238418579
1711795450537759000,20.601759033203123,-38.10000228881836,-32.70000076293945,3.656250238418579
1711795450557624600,20.62162451171875,-38.400001525878906,-32.75625228881836,3.543750047683716
1711795450577256000,20.641255859375,-38.70000076293945,-32.8125,3.356250047683716
